﻿<chapter xmlns="http://docbook.org/ns/docbook" xmlns:xlink="http://www.w3.org/1999/xlink" xmlns:xi="http://www.w3.org/2001/XInclude" version="5.0" xml:lang="hu">
    <info>
        <title>Helló, Caesar!</title>
        <keywordset>
            <keyword/>
        </keywordset>
    </info>
    <section>
        <title><type>double **</type> háromszögmátrix</title>
        <para>
            Írj egy olyan <function>malloc</function> és <function>free</function>
            párost használó C programot, amely helyet foglal
            egy alsó háromszög mátrixnak a szabad tárban!
        </para>
        <para>
            Megoldás videó: <link xlink:href="https://youtu.be/1MRTuKwRsB0">https://youtu.be/1MRTuKwRsB0</link>,
            <link xlink:href="https://youtu.be/RKbX5-EWpzA">https://youtu.be/RKbX5-EWpzA</link>.
        </para>
        <para>
            Megoldás forrása: <link xlink:href="Caesar/tm.c">
                <filename>bhax/thematic_tutorials/bhax_textbook_IgyNeveldaProgramozod/Caesar/tm.c</filename>
            </link> 
        </para>
        <para>
            Ahhoz hogy megértsük a feladatot kell tudnunk mi az a Mátrix.A mátrixoknak 2 attributumjuk van hány sora és hány oszlopa van.
            Egy t sorból és y oszlopból álló mátrixot txy mátrixnak neveznek.Most már tudjuk mi az a mátrix de mi a háromszögmátrix?
            A háromszögmátrix az egy négyzet mátrix melyen a sorai és oszlopainak a száma megegyezik és a főátló alatt vagy felett csak 0 van.
            Ebben a feladatban 3 sorunk lesz igy 6 db elemünk lesz.A <function>malloc</function> függvény képes lefoglalni a dinamikus területen egy, a paramétereként kapott méretű területet.
            Ezt követően vagy a lefoglalt terület kezdőcímét, vagy NULL-t ad vissza (hiba esetén).
            A man 3 malloc parancs terminálba való beírásával megkaphatjuk a függvény pontos szintaktikai leírását.
            Egyetlen paramétere (size_t size) azt mondja meg, hogy hány bájtot szeretnénk a memóriában lefoglalni.
            A <function>free</function> függvény felszabadítja a lefoglalt területet.
            Manuáljából (man 3 free) megtudhatjuk, hogy bemeneti paramétere a memóriát azonosító pointer (ptr).
        </para>
        <programlisting language="c"><![CDATA[#include <stdio.h>
#include <stdlib.h>

int
main ()
{
    int nr = 5; //hány sor legyen a kiadott 3 szög
    double **tm;
    
    printf("%p\n", &tm); //memória foglalás kiiratása
    
    if ((tm = (double **) malloc (nr * sizeof (double *))) == NULL)
    {
        return -1;
    }

    printf("%p\n", tm); //memória foglalás kiiratása
    
    for (int i = 0; i < nr; ++i)
    {
        if ((tm[i] = (double *) malloc ((i + 1) * sizeof (double))) == NULL)
        {
            return -1;
        }

    }

    printf("%p\n", tm[0]);    //memória foglalás kiiratása
    
    for (int i = 0; i < nr; ++i) 
        for (int j = 0; j < i + 1; ++j)
            tm[i][j] = i * (i + 1) / 2 + j;

    for (int i = 0; i < nr; ++i) //1. háromszög
    {
        for (int j = 0; j < i + 1; ++j)
            printf ("%f, ", tm[i][j]);
        printf ("\n");
    }

    tm[3][0] = 42.0;
    (*(tm + 3))[1] = 43.0;	// mi van, ha itt hiányzik a külső ()
    *(tm[3] + 2) = 44.0;
    *(*(tm + 3) + 3) = 45.0;

    for (int i = 0; i < nr; ++i) //1. háromszög
    {
        for (int j = 0; j < i + 1; ++j)
            printf ("%f, ", tm[i][j]);
        printf ("\n");
    }

    for (int i = 0; i < nr; ++i)
        free (tm[i]);

    free (tm);

    return 0;
}

}]]></programlisting>
<para>
    BINFA Struktúrával:
    </para>
        <programlisting>
            <![CDATA[
            #include <stdio.h>
#include <stdlib.h>

typedef struct binfa
{
  int ertek;
  struct binfa *bal_nulla;
  struct binfa *jobb_egy;

} BINFA, *BINFA_PTR;

BINFA_PTR
uj_elem ()
{
  BINFA_PTR p;

  if ((p = (BINFA_PTR) malloc (sizeof (BINFA))) == NULL)
    {
      perror ("memoria");
      exit (EXIT_FAILURE);
    }
  return p;
}

int
main ()
{
    int nr = 5;
    BINFA **tm;
    
    
    if ((tm = (BINFA **) malloc (nr * sizeof (BINFA *))) == NULL)
    {
        return -1;
    }
    
    for (int i = 0; i < nr; ++i)
    {
        if ((tm[i] = (BINFA *) malloc ((i + 1) * sizeof (BINFA))) == NULL)
        {
            return -1;
        }

    }
    
    for (int i = 0; i < nr; ++i)
        for (int j = 0; j < i + 1; ++j)
            tm[i][j].ertek = i * (i + 1) / 2 + j;

    for (int i = 0; i < nr; ++i)
    {
        for (int j = 0; j < i + 1; ++j)
            printf ("%d, ", tm[i][j].ertek);
        printf ("\n");
    }

   
    for (int i = 0; i < nr; ++i)
    {
        for (int j = 0; j < i + 1; ++j)
            printf ("%d, ", tm[i][j].ertek);
        printf ("\n");
    }

    for (int i = 0; i < nr; ++i)
        free (tm[i]);

    free (tm);

    return 0;
}
            ]]>
        </programlisting>
        <figure>
            <title>A <type>double **</type> háromszögmátrix a memóriában</title>
            <mediaobject>
                <imageobject>
                    <imagedata fileref="img/doublecscs.png" scale="50" />
                </imageobject>
                <textobject>
                    <phrase>A <type>double **</type> háromszögmátrix a memóriában</phrase>
                </textobject>
            </mediaobject>
        </figure>                             
        <para>
            Tanulságok, tapasztalatok, magyarázat...
        </para>            
    </section>        
    <section>
        <title>C EXOR titkosító</title>
        <para>
            Írj egy EXOR titkosítót C-ben!
        </para>
        <para>
            Megoldás videó:
        </para>
        <para>
            Megoldás forrása: A feladat megoldásához az udprog repository-t használtam          
        </para>
        <para>
            Ez a feladat titkositásról lesz szó.
            Ez úgy fut le hogy megadunk egy "tiszta szöveget" és ez a program átkódolja egy olvashatatlan fájlá.
            Futtatásához meg kell adnunk egy tiszta szöveget nevét és a cél fájl nevét és tipusát.
            A titkosítás módja az EXOR logikai művelet.
        </para>      
        <para>
            A program futtatásához ezt a paracsot kell hasznalni:
            ./e 56789012  asd.txt asd.szoveg 
             more asd.szoveg 
        </para>
        <programlisting language="c">
<![CDATA[
#include <stdio.h>
#include <unistd.h>
#include <string.h>

#define MAX_KULCS 100
#define BUFFER_MERET 256

int
main (int argc, char **argv)
{

  char kulcs[MAX_KULCS];
  char buffer[BUFFER_MERET];

  int kulcs_index = 0;
  int olvasott_bajtok = 0;

  int kulcs_meret = strlen (argv[1]);
  strncpy (kulcs, argv[1], MAX_KULCS);

  while ((olvasott_bajtok = read (0, (void *) buffer, BUFFER_MERET)))
    {

      for (int i = 0; i < olvasott_bajtok; ++i)
	{

	  buffer[i] = buffer[i] ^ kulcs[kulcs_index];
	  kulcs_index = (kulcs_index + 1) % kulcs_meret;

	}

      write (1, buffer, olvasott_bajtok);

    }
}
]]>
</programlisting>
	</section>        
    <section>
        <title>Java EXOR titkosító</title>
        <para>
            Írj egy EXOR titkosítót Java-ban!
        </para>
        <para>
            Megoldás videó:
        </para>
        <para>
            Megoldás forrása: <link xlink:href="https://www.tankonyvtar.hu/hu/tartalom/tkt/javat-tanitok-javat/ch01.html#exor_titkosito">https://www.tankonyvtar.hu/hu/tartalom/tkt/javat-tanitok-javat/ch01.html#exor_titkosito</link>               
        </para>
        <para>
            Mint az előző feladatban megint az a feladatunk hogy egy szöveges fájlt titkositsunk az EXOR algoritmussal , azonban most Java környezetben.
A <filename>Titkosito.java</filename> mint az előző feladatban meg kell adnunk egy tiszta szöveget csak most be kell gépelnünk konzolba ezt a kulso while függvény olvassa. 
A belső for ciklusban húzzuk rá a szövegre a kulcsot kulcsIndex változó segítségével, majd program átkódolja a beirt szövegünket. 
Az eredmény a buffer tömbben keletkezik, amit végül a kimenetre írunk.

        </para> 
		<para>
        <programlisting><![CDATA[
$ more Titkosito.java
public class Titkosito {
    
    public Titkosito(String kulcsSzöveg,
            java.io.InputStream bejövőCsatorna,
            java.io.OutputStream kimenőCsatorna)
            throws java.io.IOException {
        
        byte [] kulcs = kulcsSzöveg.getBytes();
        byte [] buffer = new byte[256];
        int kulcsIndex = 0;
        int olvasottBájtok = 0;

        while((olvasottBájtok =
                bejövőCsatorna.read(buffer)) != -1) {
            
            for(int i=0; i<olvasottBájtok; ++i) {
                
                buffer[i] = (byte)(buffer[i] ^ kulcs[kulcsIndex]);
                kulcsIndex = (kulcsIndex+1) % kulcs.length;
                
            }
            
            kimenőCsatorna.write(buffer, 0, olvasottBájtok);
            
        }
        
    }
    
    public static void main(String[] args) {
        
        try {
            
            new Titkosito(args[0], System.in, System.out);
            
        } catch(java.io.IOException e) {
            
            e.printStackTrace();
            
        }
        
    }
    
}
public class Titkosito {
    
    public Titkosito(String kulcsSzöveg,
            java.io.InputStream bejövőCsatorna,
            java.io.OutputStream kimenőCsatorna)
            throws java.io.IOException {
        
        byte [] kulcs = kulcsSzöveg.getBytes();
        byte [] buffer = new byte[256];
        int kulcsIndex = 0;
        int olvasottBájtok = 0;

        while((olvasottBájtok =
                bejövőCsatorna.read(buffer)) != -1) {
            
            for(int i=0; i<olvasottBájtok; ++i) {
                
                buffer[i] = (byte)(buffer[i] ^ kulcs[kulcsIndex]);
                kulcsIndex = (kulcsIndex+1) % kulcs.length;
                
            }
            
            kimenőCsatorna.write(buffer, 0, olvasottBájtok);
            
        }
        
    }
    
    public static void main(String[] args) {
        
        try {
            
            new Titkosito(args[0], System.in, System.out);
            
        } catch(java.io.IOException e) {
            
            e.printStackTrace();
            
        }
        
    }
    
}]]>
</programlisting>
		</para>
<para>
Futtatása:
</para>
<programlisting><![CDATA[
$ javac Titkosito.java
$ java Titkosito pelda > titkositott.szoveg
első sor    
második sor]]>
</programlisting>
<para>
A szöveg titkosítva lett, dekódolni hasonló paranccsal tudunk, azonban figyeljünk arra, hogy ezúttal a kacsacsőrnek balra kell mutatnia.
Ezek után outputként megkapjuk az eredeti, jól értelmezhető szöveget.
</para>
<programlisting><![CDATA[
$ java Titkosito pelda < titkositott.szoveg
első sor
második sor]]>
</programlisting>
	</section>        
    <section xml:id="bhax-textbook-feladatok-caesar.EXOR-toro">
        <title>C EXOR törő</title>
        <para>
            Írj egy olyan C programot, amely megtöri az első feladatban előállított titkos szövegeket!
        </para>
        <para>
            Megoldás videó:
        </para>
        <para>
            Megoldás forrása: https://www.tankonyvtar.hu/hu/tartalom/tamop412A/2011-0063_01_parhuzamos_prog_linux/ch05s02.html         
        </para>
        <para>
             Feladatunk most hogy az előző feladatokban titkositott szövegeket visszadekódoljuk úgy hogy nem tudjuk az exor
             kulcsát csak azt tudjuk hogy a kulcs 8 karakter hosszú és csak számokat tartalmaz.
        </para>  
        <para>
        Futtatási parancs:
        </para>
        <programlisting>
            <![CDATA[
            $ gcc t.c -o t -std=c99 
            $ ./t titkos.szoveg |grep 12344567
            ]]>
        </programlisting>
		<para>
        <programlisting language="c">
<![CDATA[
#define MAX_TITKOS 4096
#define OLVASAS_BUFFER 256
#define KULCS_MERET 8
#define _GNU_SOURCE

#include <stdio.h>
#include <unistd.h>
#include <string.h>

double
atlagos_szohossz (const char *titkos, int titkos_meret)
{
    int sz = 0;
    for (int i = 0; i < titkos_meret; ++i)
        if (titkos[i] == ' ')
            ++sz;

    return (double) titkos_meret / sz;
}

int
tiszta_lehet (const char *titkos, int titkos_meret)
{
    // a tiszta szoveg valszeg tartalmazza a gyakori magyar szavakat
    // illetve az átlagos szóhossz vizsgálatával csökkentjük a
    // potenciális töréseket

    double szohossz = atlagos_szohossz (titkos, titkos_meret);

    return szohossz > 6.0 && szohossz < 9.0
           && strcasestr (titkos, "hogy") && strcasestr (titkos, "nem")
           && strcasestr (titkos, "az") && strcasestr (titkos, "ha");

}

void
exor (const char kulcs[], int kulcs_meret, char titkos[], int titkos_meret)
{

    int kulcs_index = 0;

    for (int i = 0; i < titkos_meret; ++i)
    {

        titkos[i] = titkos[i] ^ kulcs[kulcs_index];
        kulcs_index = (kulcs_index + 1) % kulcs_meret;

    }

}

int
exor_tores (const char kulcs[], int kulcs_meret, char titkos[],
            int titkos_meret)
{

    exor (kulcs, kulcs_meret, titkos, titkos_meret);

    return tiszta_lehet (titkos, titkos_meret);

}

int
main (void)
{

    char kulcs[KULCS_MERET];
    char titkos[MAX_TITKOS];
    char *p = titkos;
    int olvasott_bajtok;

    // titkos fajt berantasa
    while ((olvasott_bajtok =
                read (0, (void *) p,
                      (p - titkos + OLVASAS_BUFFER <
                       MAX_TITKOS) ? OLVASAS_BUFFER : titkos + MAX_TITKOS - p)))
        p += olvasott_bajtok;

    // maradek hely nullazasa a titkos bufferben
    for (int i = 0; i < MAX_TITKOS - (p - titkos); ++i)
        titkos[p - titkos + i] = '\0';

    // osszes kulcs eloallitasa
    for (int ii = '0'; ii <= '9'; ++ii)
        for (int ji = '0'; ji <= '9'; ++ji)
            for (int ki = '0'; ki <= '9'; ++ki)
                for (int li = '0'; li <= '9'; ++li)
                    for (int mi = '0'; mi <= '9'; ++mi)
                        for (int ni = '0'; ni <= '9'; ++ni)
                            for (int oi = '0'; oi <= '9'; ++oi)
                                for (int pi = '0'; pi <= '9'; ++pi)
                                {
                                    kulcs[0] = ii;
                                    kulcs[1] = ji;
                                    kulcs[2] = ki;
                                    kulcs[3] = li;
                                    kulcs[4] = mi;
                                    kulcs[5] = ni;
                                    kulcs[6] = oi;
                                    kulcs[7] = pi;

                                    if (exor_tores (kulcs, KULCS_MERET, titkos, p - titkos))
                                        printf
                                        ("Kulcs: [%c%c%c%c%c%c%c%c]\nTiszta szoveg: [%s]\n",
                                         ii, ji, ki, li, mi, ni, oi, pi, titkos);

                                    // ujra EXOR-ozunk, igy nem kell egy masodik buffer
                                    exor (kulcs, KULCS_MERET, titkos, p - titkos);
                                }

    return 0;
}
        ]]>
</programlisting>
		</para>
	</section>        
    <section>
        <title>Neurális OR, AND és EXOR kapu</title>
        <para>
            R
        </para>
        <para>
            Megoldás videó: <link xlink:href="https://youtu.be/Koyw6IH5ScQ">https://youtu.be/Koyw6IH5ScQ</link>
        </para>
        <para>
            Megoldás forrása: <link xlink:href="https://gitlab.com/nbatfai/bhax/tree/master/attention_raising/NN_R">https://gitlab.com/nbatfai/bhax/tree/master/attention_raising/NN_R</link>               
        </para>
        <para>
            Tanulságok, tapasztalatok, magyarázat...
            A neuron az elektromos jelek összegyűjtéséért, feldolgozásáért és szétterjesztéséért felelős agysejt.
            Az agy információfeldolgozó kapacitása elsősorban neuronok hálózatából alakult ki.
            Neurális hálónak nevezzük azt a párhuzamos működésre képes információfeldolgozó eszközt, amely nagyszámú, hasonló típusú elem összekapcsolt rendszeréből áll.
            Továbbá jellemzője az is, hogy rendelkezik tanulási algoritmussal és képes előhívni a megtanult információt.
            Éppen ezért a neurális kapu szimulálásához az R programozási nyelvet fogjuk használni.
            a1 és a2 értékeket tartalmaz, az OR pedig a logikai VAGY műveletet jelöli. A program az általunk meghatározott szabályok alapján elkezd tanulni.
            A <function>compute</function> parancs segítségével tudjuk leellenőrizni, hogy a megfelelő eredményeket kaptuk-e vagy sem.
            A logikai ÉS művelet (AND) betanítása is hasonló módon történik.
            Az EXOR műveletnél azonban csak többrétegű neuronokkal lehetséges a tanítás (hidden = 2).
        </para>         
		<para>
        <programlisting><![CDATA[
$ more neuralis.r
library(neuralnet)

a1    <- c(0,1,0,1)
a2    <- c(0,0,1,1)
OR    <- c(0,1,1,1)

or.data <- data.frame(a1, a2, OR)

nn.or <- neuralnet(OR~a1+a2, or.data, hidden=0, linear.output=FALSE, stepmax = 1e+07, threshold = 0.000001)

plot(nn.or)

compute(nn.or, or.data[,1:2])

a1    <- c(0,1,0,1)
a2    <- c(0,0,1,1)
OR    <- c(0,1,1,1)
AND   <- c(0,0,0,1)

orand.data <- data.frame(a1, a2, OR, AND)

nn.orand <- neuralnet(OR+AND~a1+a2, orand.data, hidden=0, linear.output=FALSE, stepmax = 1e+07, threshold = 0.000001)

plot(nn.orand)

compute(nn.orand, orand.data[,1:2])

a1      <- c(0,1,0,1)
a2      <- c(0,0,1,1)
EXOR    <- c(0,1,1,0)

exor.data <- data.frame(a1, a2, EXOR)

nn.exor <- neuralnet(EXOR~a1+a2, exor.data, hidden=0, linear.output=FALSE, stepmax = 1e+07, threshold = 0.000001)

plot(nn.exor)

compute(nn.exor, exor.data[,1:2])

a1      <- c(0,1,0,1)
a2      <- c(0,0,1,1)
EXOR    <- c(0,1,1,0)

exor.data <- data.frame(a1, a2, EXOR)

nn.exor <- neuralnet(EXOR~a1+a2, exor.data, hidden=c(6, 4, 6), linear.output=FALSE, stepmax = 1e+07, threshold = 0.000001)

plot(nn.exor)

compute(nn.exor, exor.data[,1:2])]]>
            </programlisting>
			</para>
    </section>        
    <section>
        <title>Hiba-visszaterjesztéses perceptron</title>
        <para>
            C++
        </para>
        <para>
            Megoldás videó:
        </para>
        <para>
            Megoldás forrása:                
        </para>
        <para>
            Erre a feladatra felhasználnám az egyik passzomat amit SMNISTforHUMANS lvl9 eléréséért kaptam.
        </para>
        <para>
            Hiba-visszaterjesztést a többrétegű perceptronoknál alkalmazunk(MLP), amelyek tartalmaznak rejtett rétegeket is.
        </para>
        <para>
            Erre a módszerre azért van szükség, mert az olyan hálókban ahol van hidden layer a bemenetből nem rögtön a kimenet következik. Így nem lehet rögtön a kimenetre kapott hiba alapján kiszámolni a súlyokat.
        </para>
        <para>
            Ilyenkor rétegenként visszafele haladva számoljuk ki az egyes rétegekhez tartozó súlyokat, míg vissza nem érünk a bemenethez.
        </para>
    </section>        

        
                                                                                                                                                                                                                                                                                                                                                                                                                                                                                                                                                                                                                                                                                                                                                                                                                                                                                                                                                                                                                                                                        
</chapter>                
