<chapter xmlns="http://docbook.org/ns/docbook" xmlns:xlink="http://www.w3.org/1999/xlink" xmlns:xi="http://www.w3.org/2001/XInclude" version="5.0" xml:lang="hu">
    <info>
        <title>Helló, Conway!</title>
        <keywordset>
            <keyword/>
        </keywordset>
    </info>
    <section>
        <title>Hangyaszimulációk</title>
        <para>
            Írj Qt C++-ban egy hangyaszimulációs programot, a forrásaidról utólag reverse engineering jelleggel
            készíts UML osztálydiagramot is!
        </para>
        <para>
            Megoldás videó: <link xlink:href="https://bhaxor.blog.hu/2018/10/10/myrmecologist">https://bhaxor.blog.hu/2018/10/10/myrmecologist</link>
        </para>
        <para>
            Megoldás forrása: <link xlink:href=""></link>               
        </para>
     <mediaobject>
     <imageobject>
            <imagedata fileref="img/hangyab.png" scale="60" />
     </imageobject>
     </mediaobject>
     <para>
         Fordításkor QT-t használunk qmake-et használjuk. Q gombal kilépünk P gombal megállítuk a programot.
     </para>
     <para>
A program fordítása és futtatása:
</para>
<programlisting><![CDATA[
qmake myrmecologist.pro 
make
./myrmecologist -w 250 -m 150 -n 400 -t 10 -p 5 -f 80 -d 0 -a 255 -i 3 -s 3 -c 22
]]>
</programlisting>
	<para>
         Az Ant osztályba a hangyáknak vannak benne a tulajdonságaik . Az x és y a koordinátái, a dir pedig az irány amibe 
         tart. Az ants egy vektor, ami a hangyákat tárolja.
         A feladatot kezdem azzal hogy mik van az AntWin osztályban ablak szélessége és magassága van benne pixelekben, 
         cellák szélessége,magassága amiben a hangyák vannak. Az antThread a számításokat végzi. 
         A grids a két rácsot jelenti, a gridldx pedig a a két rácspont közül egyet tárol.
         A closeEvent() mint nevéből tippelető bezárja a programot úgy hogy meghívja a finish metódust.
         keyPressEvent() megint mint nevéből tippelető billentyűzet inputot figyeli, 
         a paintEvent() meg a hangyák kiszínezésére figyel.
     </para>
     <mediaobject>
     <imageobject>
            <imagedata fileref="img/hangya.png" scale="30" />
     </imageobject>
     </mediaobject>
    </section>        
    <section>
        <title>Java életjáték</title>
        <para>
            Írd meg Java-ban a John Horton Conway-féle életjátékot, 
            valósítsa meg a sikló-kilövőt!
        </para>
        <para>
            Megoldás videó: 
        </para>
        <para>
            Megoldás forrása: <link xlink:href=""></link>               
        </para>
        <para>
            Az életjátékot John Conway, a Cambridge Egyetem matematikusa találta ki.
            A "játékos” vagyis nekünk annyi a szerepünk hogy meg kell adnunk egy kezdőalakzatot és ezután hátradőlni és nézni a műsort.
            Matematikai szempontból sejtautomatának nevezzük Conway játékát, melyben a négyzetrácsokat 
            celláknak és a korongokat sejteknek nevezzük.
            A sejt túléli a kört, ha két vagy három szomszédja van.
            A sejt elpusztul, ha kettőnél kevesebb (elszigetelődés), vagy háromnál több (túlnépesedés) szomszédja van.
            Új sejt születik minden olyan cellában, melynek környezetében pontosan három sejt található.
            Ezek a szabályok a <function>időFejlődés()</function> függvényben kerülnek bevezetésre.
            A sejttérbe "élőlényeket" helyezünk, ez a siklóágyú. Adott irányban siklókat lő ki.
            Az <function>addKeyListener</function>, <function>addMouseListener</function>, <function>addMouseMotionListener</function> függvényekben
            meghatározzuk a egér és billentyű kombinációk feladatait
        </para>
        <programlisting>
			<![CDATA[
			 Pár érdekes gomb funkció
			 -s Screenshothoz
			 -n Sejt méret növelés
			 -k Sejt méret csökkentés
			 -g Szimuláció gyorsítása
			 -l Szimuláció lassítása
			 Ha az egeret egy halott sejtre rávisszük akkor feléled :)
			]]>
		</programlisting>
        <programlisting><![CDATA[
public class Sejtautomata extends java.awt.Frame implements Runnable {
public static final boolean ÉLŐ = true;
public static final boolean HALOTT = false;
protected boolean [][][] rácsok = new boolean [2][][];
protected boolean [][] rács;
protected int rácsIndex = 0;
protected int cellaSzélesség = 20;
protected int cellaMagasság = 20;
protected int szélesség = 20;
protected int magasság = 10;
protected int várakozás = 1000;
private java.awt.Robot robot;
private boolean pillanatfelvétel = false;
private static int pillanatfelvételSzámláló = 0;

public Sejtautomata(int szélesség, int magasság) {
        this.szélesség = szélesség;
        this.magasság = magasság;
        rácsok[0] = new boolean[magasság][szélesség];
        rácsok[1] = new boolean[magasság][szélesség];
        rácsIndex = 0;
        rács = rácsok[rácsIndex];
        for(int i=0; i<rács.length; ++i)
            for(int j=0; j<rács[0].length; ++j)
                rács[i][j] = HALOTT;
        siklóKilövő(rács, 5, 60);
        addWindowListener(new java.awt.event.WindowAdapter() {
            public void windowClosing(java.awt.event.WindowEvent e) {
                setVisible(false);
                System.exit(0);
        }
});

addKeyListener(new java.awt.event.KeyAdapter() {
            public void keyPressed(java.awt.event.KeyEvent e) {
                if(e.getKeyCode() == java.awt.event.KeyEvent.VK_K) {
                    cellaSzélesség /= 2;
                    cellaMagasság /= 2;
                    setSize(Sejtautomata.this.szélesség*cellaSzélesség,
                            Sejtautomata.this.magasság*cellaMagasság);
                    validate();
            } else if(e.getKeyCode() == java.awt.event.KeyEvent.VK_N) {
                    cellaSzélesség *= 2;
                    cellaMagasság *= 2;
                    setSize(Sejtautomata.this.szélesség*cellaSzélesség,
                            Sejtautomata.this.magasság*cellaMagasság);
                    validate();
            } else if(e.getKeyCode() == java.awt.event.KeyEvent.VK_S)
                    pillanatfelvétel = !pillanatfelvétel;
                else if(e.getKeyCode() == java.awt.event.KeyEvent.VK_G)
                    várakozás /= 2;
                else if(e.getKeyCode() == java.awt.event.KeyEvent.VK_L)
                    várakozás *= 2;
                repaint();
        }
});

addMouseListener(new java.awt.event.MouseAdapter() {
            public void mousePressed(java.awt.event.MouseEvent m) {
                int x = m.getX()/cellaSzélesség;
                int y = m.getY()/cellaMagasság;
                rácsok[rácsIndex][y][x] = !rácsok[rácsIndex][y][x];
                repaint();
    }
});

addMouseMotionListener(new java.awt.event.MouseMotionAdapter() {
            public void mouseDragged(java.awt.event.MouseEvent m) {
                int x = m.getX()/cellaSzélesség;
                int y = m.getY()/cellaMagasság;
                rácsok[rácsIndex][y][x] = ÉLŐ;
                repaint();
    }
});

cellaSzélesség = 10;
cellaMagasság = 10;
try {
            robot = new java.awt.Robot(
                    java.awt.GraphicsEnvironment.
                    getLocalGraphicsEnvironment().
                    getDefaultScreenDevice());
    } catch(java.awt.AWTException e) {
            e.printStackTrace();
}

setTitle("Sejtautomata");
setResizable(false);
setSize(szélesség*cellaSzélesség,
                magasság*cellaMagasság);
setVisible(true);
new Thread(this).start();
}

public void paint(java.awt.Graphics g) {
        boolean [][] rács = rácsok[rácsIndex];
        for(int i=0; i<rács.length; ++i) {
            for(int j=0; j<rács[0].length; ++j) {
                if(rács[i][j] == ÉLŐ)
                    g.setColor(java.awt.Color.BLACK);
                else
                    g.setColor(java.awt.Color.WHITE);
                g.fillRect(j*cellaSzélesség, i*cellaMagasság,
                        cellaSzélesség, cellaMagasság);
                g.setColor(java.awt.Color.LIGHT_GRAY);
                g.drawRect(j*cellaSzélesség, i*cellaMagasság,
                        cellaSzélesség, cellaMagasság);
    }
}

        if(pillanatfelvétel) {
            pillanatfelvétel = false;
            pillanatfelvétel(robot.createScreenCapture
                    (new java.awt.Rectangle
                    (getLocation().x, getLocation().y,
                    szélesség*cellaSzélesség,
                    magasság*cellaMagasság)));
    }
}

public int szomszédokSzáma(boolean [][] rács,
            int sor, int oszlop, boolean állapot) {        
        int állapotúSzomszéd = 0;
        for(int i=-1; i<2; ++i)
            for(int j=-1; j<2; ++j)
                if(!((i==0) && (j==0))) {
            int o = oszlop + j;
            if(o < 0)
                o = szélesség-1;
            else if(o >= szélesség)
                o = 0;
            
            int s = sor + i;
            if(s < 0)
                s = magasság-1;
            else if(s >= magasság)
                s = 0;
            
            if(rács[s][o] == állapot)
                ++állapotúSzomszéd;
                }
        
        return állapotúSzomszéd;
}

public void időFejlődés() {
        
        boolean [][] rácsElőtte = rácsok[rácsIndex];
        boolean [][] rácsUtána = rácsok[(rácsIndex+1)%2];
        
        for(int i=0; i<rácsElőtte.length; ++i) {
            for(int j=0; j<rácsElőtte[0].length; ++j) {
                
                int élők = szomszédokSzáma(rácsElőtte, i, j, ÉLŐ);
                
                if(rácsElőtte[i][j] == ÉLŐ) {

                    if(élők==2 || élők==3)
                        rácsUtána[i][j] = ÉLŐ;
                    else
                        rácsUtána[i][j] = HALOTT;
        }  else {

                    if(élők==3)
                        rácsUtána[i][j] = ÉLŐ;
                    else
                        rácsUtána[i][j] = HALOTT;
            }
        }
    }
        rácsIndex = (rácsIndex+1)%2;
}

public void run() {
        
        while(true) {
            try {
                Thread.sleep(várakozás);
            } catch (InterruptedException e) {}
            
            időFejlődés();
            repaint();
        }
}

public void sikló(boolean [][] rács, int x, int y) {
        
        rács[y+ 0][x+ 2] = ÉLŐ;
        rács[y+ 1][x+ 1] = ÉLŐ;
        rács[y+ 2][x+ 1] = ÉLŐ;
        rács[y+ 2][x+ 2] = ÉLŐ;
        rács[y+ 2][x+ 3] = ÉLŐ;
        
}
   
public void siklóKilövő(boolean [][] rács, int x, int y) {
        
        rács[y+ 6][x+ 0] = ÉLŐ;
        rács[y+ 6][x+ 1] = ÉLŐ;
        rács[y+ 7][x+ 0] = ÉLŐ;
        rács[y+ 7][x+ 1] = ÉLŐ;
        
        rács[y+ 3][x+ 13] = ÉLŐ;
        
        rács[y+ 4][x+ 12] = ÉLŐ;
        rács[y+ 4][x+ 14] = ÉLŐ;
        
        rács[y+ 5][x+ 11] = ÉLŐ;
        rács[y+ 5][x+ 15] = ÉLŐ;
        rács[y+ 5][x+ 16] = ÉLŐ;
        rács[y+ 5][x+ 25] = ÉLŐ;
        
        rács[y+ 6][x+ 11] = ÉLŐ;
        rács[y+ 6][x+ 15] = ÉLŐ;
        rács[y+ 6][x+ 16] = ÉLŐ;
        rács[y+ 6][x+ 22] = ÉLŐ;
        rács[y+ 6][x+ 23] = ÉLŐ;
        rács[y+ 6][x+ 24] = ÉLŐ;
        rács[y+ 6][x+ 25] = ÉLŐ;
        
        rács[y+ 7][x+ 11] = ÉLŐ;
        rács[y+ 7][x+ 15] = ÉLŐ;
        rács[y+ 7][x+ 16] = ÉLŐ;
        rács[y+ 7][x+ 21] = ÉLŐ;
        rács[y+ 7][x+ 22] = ÉLŐ;
        rács[y+ 7][x+ 23] = ÉLŐ;
        rács[y+ 7][x+ 24] = ÉLŐ;
        
        rács[y+ 8][x+ 12] = ÉLŐ;
        rács[y+ 8][x+ 14] = ÉLŐ;
        rács[y+ 8][x+ 21] = ÉLŐ;
        rács[y+ 8][x+ 24] = ÉLŐ;
        rács[y+ 8][x+ 34] = ÉLŐ;
        rács[y+ 8][x+ 35] = ÉLŐ;
        
        rács[y+ 9][x+ 13] = ÉLŐ;
        rács[y+ 9][x+ 21] = ÉLŐ;
        rács[y+ 9][x+ 22] = ÉLŐ;
        rács[y+ 9][x+ 23] = ÉLŐ;
        rács[y+ 9][x+ 24] = ÉLŐ;
        rács[y+ 9][x+ 34] = ÉLŐ;
        rács[y+ 9][x+ 35] = ÉLŐ;
        
        rács[y+ 10][x+ 22] = ÉLŐ;
        rács[y+ 10][x+ 23] = ÉLŐ;
        rács[y+ 10][x+ 24] = ÉLŐ;
        rács[y+ 10][x+ 25] = ÉLŐ;
        
        rács[y+ 11][x+ 25] = ÉLŐ;
        
}

public void pillanatfelvétel(java.awt.image.BufferedImage felvetel) {
        StringBuffer sb = new StringBuffer();
        sb = sb.delete(0, sb.length());
        sb.append("sejtautomata");
        sb.append(++pillanatfelvételSzámláló);
        sb.append(".png");
        try {
            javax.imageio.ImageIO.write(felvetel, "png",
                    new java.io.File(sb.toString()));
        } catch(java.io.IOException e) {
            e.printStackTrace();
        }
}
  
public void update(java.awt.Graphics g) {
        paint(g);
}    
  
public static void main(String[] args) {
        new Sejtautomata(100, 75);
    }
}]]>
</programlisting>
<para>
A program fordítása és futtatása:
</para>
<programlisting><![CDATA[
$ javac Sejtautomata.java
$ java Sejtautomata]]>
</programlisting>
    </section>        
    <section>
        <title>Qt C++ életjáték</title>
        <para>
            Most Qt C++-ban!
        </para>
        <para>
            Megoldás videó: 
        </para>
        <para>
            Megoldás forrása: <link xlink:href=""></link>               
        </para>
        <para>
            Tanulságok, tapasztalatok, magyarázat...
        </para> 
        <para>
            A szabály implementálása ugyanúgy mint javaban:
        </para>
        <programlisting language="c++"><![CDATA[
void SejtSzal::idoFejlodes() {
    bool **racsElotte = racsok[racsIndex];
    bool **racsUtana = racsok[(racsIndex+1)%2];
    for(int i=0; i<magassag; ++i) { // sorok
        for(int j=0; j<szelesseg; ++j) { // oszlopok
            int elok = szomszedokSzama(racsElotte, i, j, SejtAblak::ELO);
            if(racsElotte[i][j] == SejtAblak::ELO) {
                
                if(elok==2 || elok==3)
                    racsUtana[i][j] = SejtAblak::ELO;
                else
                    racsUtana[i][j] = SejtAblak::HALOTT;
            }  else {
               
                if(elok==3)
                    racsUtana[i][j] = SejtAblak::ELO;
                else
                    racsUtana[i][j] = SejtAblak::HALOTT;
            }
        }
    }
    racsIndex = (racsIndex+1)%2;
}
]]></programlisting> 
<para>Sikló:</para>   
         <programlisting language="c++"><![CDATA[
void SejtAblak::siklo(bool **racs, int x, int y) {
  
  racs[y+ 0][x+ 2] = ELO;
  racs[y+ 1][x+ 1] = ELO;
  racs[y+ 2][x+ 1] = ELO;
  racs[y+ 2][x+ 2] = ELO;
  racs[y+ 2][x+ 3] = ELO;
  
}
]]></programlisting> 
    <para>Siklókilövő</para>
      <programlisting language="c++"><![CDATA[
void SejtAblak::sikloKilovo(bool **racs, int x, int y) {
  
  racs[y+ 6][x+ 0] = ELO;
  racs[y+ 6][x+ 1] = ELO;
  racs[y+ 7][x+ 0] = ELO;
  racs[y+ 7][x+ 1] = ELO;
  
  racs[y+ 3][x+ 13] = ELO;
  
  racs[y+ 4][x+ 12] = ELO;
  racs[y+ 4][x+ 14] = ELO;
  
  racs[y+ 5][x+ 11] = ELO;
  racs[y+ 5][x+ 15] = ELO;
  racs[y+ 5][x+ 16] = ELO;
  racs[y+ 5][x+ 25] = ELO;
  
  racs[y+ 6][x+ 11] = ELO;
  racs[y+ 6][x+ 15] = ELO;
  racs[y+ 6][x+ 16] = ELO;
  racs[y+ 6][x+ 22] = ELO;
  racs[y+ 6][x+ 23] = ELO;
  racs[y+ 6][x+ 24] = ELO;
  racs[y+ 6][x+ 25] = ELO;
  
  racs[y+ 7][x+ 11] = ELO;
  racs[y+ 7][x+ 15] = ELO;
  racs[y+ 7][x+ 16] = ELO;
  racs[y+ 7][x+ 21] = ELO;
  racs[y+ 7][x+ 22] = ELO;
  racs[y+ 7][x+ 23] = ELO;
  racs[y+ 7][x+ 24] = ELO;
  
  racs[y+ 8][x+ 12] = ELO;
  racs[y+ 8][x+ 14] = ELO;
  racs[y+ 8][x+ 21] = ELO;
  racs[y+ 8][x+ 24] = ELO;
  racs[y+ 8][x+ 34] = ELO;
  racs[y+ 8][x+ 35] = ELO;
  
  racs[y+ 9][x+ 13] = ELO;
  racs[y+ 9][x+ 21] = ELO;
  racs[y+ 9][x+ 22] = ELO;
  racs[y+ 9][x+ 23] = ELO;
  racs[y+ 9][x+ 24] = ELO;
  racs[y+ 9][x+ 34] = ELO;
  racs[y+ 9][x+ 35] = ELO;
  
  racs[y+ 10][x+ 22] = ELO;
  racs[y+ 10][x+ 23] = ELO;
  racs[y+ 10][x+ 24] = ELO;
  racs[y+ 10][x+ 25] = ELO;
  
  racs[y+ 11][x+ 25] = ELO;
  
}
]]></programlisting> 
<programlisting language="c++"><![CDATA[
#include <QApplication>
#include "sejtablak.h"
#include <QDesktopWidget>
int main(int argc, char *argv[])
{
  QApplication a(argc, argv);
  SejtAblak w(100, 75);
  w.show();
  
  return a.exec();
}
]]></programlisting> 
    <para>
        Futtatása:
    </para>
    <programlisting><![CDATA[
qmake -project
qmake sejtautomata_c++.pro
make
./sejtautomata_c++ 
]]>
</programlisting>
    </section>        
    <section>
        <title>BrainB Benchmark</title>
        <para>
        </para>
        <para>
            Megoldás videó: 
        </para>
        <para>
            Megoldás forrása: <link xlink:href="https://github.com/lacikaq9/bhax/tree/master/bhax-master/attention_raising/brainb">https://github.com/lacikaq9/bhax/tree/master/bhax-master/attention_raising/brainb</link>               
        </para>
        <para>
            Tanulságok, tapasztalatok, magyarázat...
            A BrainB Benchmark e-sportolók tesztelésére / megtalálására íródott a játék gyakorlatilag a reflexet és az egérkövetési skillt követi.
             A mérőprogram arra a játékélményre, jelenségre épül, mely során a játékos átmenetileg elveszíti a karakterét az intenzív, komplex pillanatokban.
             Ezekben a pillanatokban direkt túl sok vizuális effektet hoz be a benchmark hogy megnehezítse a játtékos dolgát.
             Ebben a programban a 'Samu Entropy' karaktert (dobozt) kell figyelnünk: csak akkor sikerül mérés ha egy másodpercig rajta tudjuk tartani az egerünket a kék pögyre.
             Az értékek növekedésével egyre több doboz (vizuális elem) jelenik meg a képernyőn, a dobozok pedig egyre gyorsabban kezdenek el mozogni.
             Ez a benchmark addig megy míg a játékos 1 másodperc felett tudja tartani az egérkövetés ha a játékos túllép akkor veszít.
        </para> 
<para>
    Futtatáshoz:
    </para>
    <programlisting><![CDATA[
brainB.pro 
make
./BrainB 
]]>
</programlisting>
<mediaobject>
     <imageobject>
            <imagedata fileref="img/kep6.png" scale="100" />
     </imageobject>
     </mediaobject>
    </section>        
                                                                                                                                                                                                                                                                                                                                                                                                                                                                                                                                                                                                                                                                                                                                                                                                                                                                                                                                                                                                                                                                        
</chapter>                

